Data;Spend_SEARCH;Spend_DV360;Spend_GOOGLE_ADS;Spend_META;Spend_AMAZON;Spend_TEADS;Spend_TWITTER;Spend_YAHOO;Spend_TIKTOK;Spend_PINTEREST;Spend_LINKEDIN;Spend_CONNECTED_INTERATIVE;Spend_HYPR;Spend_GDB;Spend_MERCADO_LIVRE;Imp_SEARCH;Imp_DV360;Imp_GOOGLE_ADS;Imp_META;Imp_AMAZON;Imp_TEADS;Imp_TWITTER;Imp_YAHOO;Imp_TIKTOK;Imp_PINTEREST;Imp_LINKEDIN;Imp_CONNECTED_INTERATIVE;Imp_HYPR;Imp_GDB;Imp_MERCADO_LIVRE;Spend_PaidTV;Spend_Jornal;Spend_Revista;Spend_OpenTV;Spend_OOH;Spend_Cinema;FLUXO_DE_LOJA;PEDIDOS_DE_VENDAS_TOTAIS;EMPLACAMENTO
2020-12-28;157930,97;189633,28;93519,32;126770,92;9782,24;49180,34;36086,13;57103,46;46530,74;11925,11;18341,20;25635,95;25000,02;9009,66;14287,67;680420,00;48750566,00;19789288,00;14176232,00;7681254,00;5608595,46;14673028,28;22341190,72;14959330,18;2096060,55;2827967,55;757028,25;3063352,25;1318261;2256511,48;18793648,00;53419;85747,84;93342367,33;8375996,12;1193431;6464;2978;2480
2021-01-04;415670,44;457247,91;209163,04;281774,93;23390,33;32479,92;36086,13;57103,46;46530,74;11925,11;18341,20;25635,95;25000,02;9009,66;14287,67;1731142,00;158893967,00;56321717,00;23672759,00;17595154,00;4441647,00;14673028,28;22341190,72;14959330,18;2096060,55;2827967,55;757028,25;3063352,25;1318261;2256511,48;32152278,00;53419;85747,84;93342367,33;8375996,12;1193431;6464;2978;2480
2021-01-11;425529,61;474778,69;232230,58;309598,82;22455,28;86547,61;36086,13;57103,46;46530,74;11925,11;18341,20;25635,95;25000,02;9009,66;14287,67;1735838,00;176715484,00;50595842,00;30242448,00;17070451,00;13366367,00;14673028,28;22341190,72;14959330,18;2096060,55;2827967,55;757028,25;3063352,25;1318261;2256511,48;35244737,00;53419;85747,84;93342367,33;8375996,12;1193431;6464;2978;2480
2021-01-18;408029,73;473768,69;272775,88;311663,55;21085,72;80642,57;36086,13;57103,46;46530,74;11925,11;18341,20;25635,95;25000,02;9009,66;14287,67;1670309,00;173828195,00;83203605,00;32360819,00;16016270,00;13547016,00;14673028,28;22341190,72;14959330,18;2096060,55;2827967,55;757028,25;3063352,25;1318261;2256511,48;45978183,00;53419;85747,84;93342367,33;8375996,12;1193431;193;107;2480
2021-01-25;327202,12;440027,84;356532,74;318736,28;22273,35;50291,45;36086,13;57103,46;46530,74;11925,11;18341,20;25635,95;25000,02;9009,66;14287,67;1355807,00;169239404,00;67856394,00;32230582,00;17081809,00;9831047,00;14673028,28;22341190,72;14959330,18;2096060,55;2827967,55;757028,25;3063352,25;1318261;2256511,48;58216586,00;53419;85747,84;93342367,33;8375996,12;1193431;5585;2661;2480
2021-02-01;385656,97;461768,89;266885,55;300533,85;23100,32;63960,93;36086,13;57103,46;46530,74;11925,11;18341,20;25635,95;25000,02;9009,66;14287,67;1520324,00;202536066,00;52479451,00;30594786,00;19244942,00;10223418,00;14673028,28;22341190,72;14959330,18;2096060,55;2827967,55;757028,25;3063352,25;1318261;2256511,48;57280151,00;53419;85747,84;93342367,33;8375996,12;1193431;5592;2452;2480
2021-02-08;437505,85;490697,25;261874,51;372679,71;25580,60;81456,38;36086,13;57103,46;46530,74;11925,11;18341,20;25635,95;25000,02;9009,66;14287,67;1728524,00;193599697,00;43474665,00;40762830,00;17642038,00;14445071,00;14673028,28;22341190,72;14959330,18;2096060,55;2827967,55;757028,25;3063352,25;1318261;2256511,48;85209254,00;53419;85747,84;93342367,33;8375996,12;1193431;5917;2699;2480
2021-02-15;455893,97;486095,46;260804,59;390025,46;29773,95;66879,58;36086,13;57103,46;46530,74;11925,11;18341,20;25635,95;25000,02;9009,66;14287,67;1733546,00;191814735,00;43887578,00;44003557,00;17653353,00;12793476,00;14673028,28;22341190,72;14959330,18;2096060,55;2827967,55;757028,25;3063352,25;1318261;2256511,48;87561486,00;53419;85747,84;93342367,33;8375996,12;1193431;6221;3815;2480
2021-02-22;481628,26;465308,26;549000,15;305540,98;21588,46;37205,00;36086,13;57103,46;46530,74;11925,11;18341,20;25635,95;25000,02;9009,66;14287,67;1740157,00;164627912,00;115714068,00;26684555,00;12509470,00;5918007,00;14673028,28;22341190,72;14959330,18;2096060,55;2827967,55;757028,25;3063352,25;1318261;2256511,48;84551401,00;53419;85747,84;93342367,33;8375996,12;1193431;4337;2121;2480
2021-03-01;433320,60;327073,91;199649,43;277474,55;13996,93;37227,22;36086,13;57103,46;46530,74;11925,11;18341,20;25635,95;25000,02;9009,66;14287,67;1598792,00;170173266,00;30179431,00;25679051,00;7400739,00;6165338,00;14673028,28;22341190,72;14959330,18;2096060,55;2827967,55;757028,25;3063352,25;1318261;2256511,48;55239167,00;53419;85747,84;93342367,33;8375996,12;1193431;3901;2461;2480
2021-03-08;439337,09;271111,95;199123,94;327207,92;10438,99;64893,16;36086,13;57103,46;46530,74;11925,11;18341,20;25635,95;25000,02;9009,66;14287,67;1425300,00;92740264,00;25780506,00;30869475,00;6462692,00;13109839,00;14673028,28;22341190,72;14959330,18;2096060,55;2827967,55;757028,25;3063352,25;1318261;2256511,48;84706102,00;53419;85747,84;93342367,33;8375996,12;1193431;3760;2663;2480
2021-03-15;392362,33;229719,28;197043,06;255918,98;8067,11;45084,41;36086,13;57103,46;46530,74;11925,11;18341,20;25635,95;25000,02;9009,66;14287,67;1241953,00;66095627,00;31775836,00;18065122,00;4455113,00;12535108,00;14673028,28;22341190,72;14959330,18;2096060,55;2827967,55;757028,25;3063352,25;1318261;2256511,48;63193563,00;53419;85747,84;93342367,33;8375996,12;1193431;3520;2371;2480
2021-03-22;355326,96;228528,25;439887,04;353033,33;12192,46;32438,11;36086,13;57103,46;46530,74;11925,11;18341,20;25635,95;25000,02;9009,66;14287,67;1231869,00;60947423,00;69219161,00;41958518,00;5941805,00;8982667,00;14673028,28;22341190,72;14959330,18;2096060,55;2827967,55;757028,25;3063352,25;1318261;2256511,48;49922322,00;53419;85747,84;93342367,33;8375996,12;1193431;2633;2160;2480
2021-03-29;401505,37;188008,53;167928,83;232940,88;10618,52;6979,04;36086,13;57103,46;46530,74;11925,11;18341,20;25635,95;25000,02;9009,66;14287,67;1713971,00;58769951,00;41467248,00;20416653,00;6690501,00;2101150,00;14673028,28;22341190,72;14959330,18;2096060,55;2827967,55;757028,25;3063352,25;1318261;2256511,48;22435321,00;53419;85747,84;93342367,33;8375996,12;1193431;4300;2884;2480
2021-04-05;569288,62;164283,38;69665,28;178742,41;13901,00;19349,41;36086,13;57103,46;46530,74;11925,11;18341,20;25635,95;25000,02;9009,66;14287,67;1355218,00;50972630,00;21621321,00;14267402,00;6377616,00;5051510,00;14673028,28;22341190,72;14959330,18;2096060,55;2827967,55;757028,25;3063352,25;1318261;2256511,48;5524159,00;53419;85747,84;93342367,33;8375996,12;1193431;4593;2663;2480
2021-04-12;466149,95;151331,00;66801,62;199239,96;12765,31;38722,20;36086,13;57103,46;46530,74;11925,11;18341,20;25635,95;25000,02;9009,66;14287,67;1001109,00;44638017,00;17398047,00;27042097,00;7771216,00;8833554,00;14673028,28;22341190,72;14959330,18;2096060,55;2827967,55;757028,25;3063352,25;1318261;2256511,48;5881926,00;53419;85747,84;93342367,33;8375996,12;1193431;4957;2768;2480
2021-04-19;508378,45;172133,40;66659,89;205839,29;36265,74;39166,90;36086,13;57103,46;46530,74;11925,11;18341,20;25635,95;25000,02;9009,66;14287,67;1026587,00;49821762,00;21029488,00;23203930,00;31700284,00;9344591,00;14673028,28;22341190,72;14959330,18;2096060,55;2827967,55;757028,25;3063352,25;1318261;2256511,48;11113010,00;53419;85747,84;93342367,33;8375996,12;1193431;4515;2763;2480
2021-04-26;446047,88;193994,91;61485,33;180964,45;14498,20;15413,57;36086,13;57103,46;46530,74;11925,11;18341,20;25635,95;25000,02;9009,66;14287,67;985049,00;45964564,00;17201159,00;20618421,00;14676634,00;3786730,00;14673028,28;22341190,72;14959330,18;2096060,55;2827967,55;757028,25;3063352,25;1318261;2256511,48;19336701,00;53419;85747,84;93342367,33;8375996,12;1193431;6687;3362;2480
2021-05-03;510765,53;258447,82;186105,30;181868,52;13901,37;32683,27;36086,13;57103,46;46530,74;11925,11;18341,20;25635,95;25000,02;9009,66;14287,67;1818928,00;68569120,00;52811189,00;16766223,00;6229820,00;9412135,00;14673028,28;22341190,72;14959330,18;2096060,55;2827967,55;757028,25;3063352,25;1318261;2256511,48;30516306,00;53419;85747,84;93342367,33;8375996,12;1193431;7368;3592;2480
2021-05-10;608192,06;259097,41;210458,14;330122,91;13819,84;44046,24;36086,13;57103,46;46530,74;11925,11;18341,20;25635,95;25000,02;9009,66;14287,67;2157717,00;75081188,00;66644398,00;36717692,00;8688764,00;14844338,00;14673028,28;22341190,72;14959330,18;2096060,55;2827967,55;757028,25;3063352,25;1318261;2256511,48;22068121,00;53419;85747,84;93342367,33;8375996,12;1193431;7686;3715;2480
2021-05-17;414232,54;137702,33;182453,73;189481,15;8522,50;20015,07;36086,13;57103,46;46530,74;11925,11;18341,20;25635,95;25000,02;9009,66;14287,67;1405221,00;26476659,00;44218670,00;13645941,00;6537877,00;4770395,00;14673028,28;22341190,72;14959330,18;2096060,55;2827967,55;757028,25;3063352,25;1318261;2256511,48;38451997,00;53419;85747,84;93342367,33;8375996,12;1193431;7354;3549;2480
2021-05-24;519667,73;167360,96;200237,88;200647,80;7284,28;14795,56;36086,13;57103,46;46530,74;11925,11;18341,20;25635,95;25000,02;9009,66;14287,67;1609815,00;32014964,00;54879930,00;13238494,00;4630606,00;3091437,00;14673028,28;22341190,72;14959330,18;2096060,55;2827967,55;757028,25;3063352,25;1318261;2256511,48;85558584,00;53419;85747,84;93342367,33;8375996,12;1193431;6099;2744;2480
2021-05-31;467516,58;194450,48;159483,54;239363,98;13202,95;21004,96;36086,13;57103,46;46530,74;11925,11;18341,20;25635,95;25000,02;9009,66;14287,67;1736120,00;48947600,00;42762355,00;16856474,00;6766613,00;6011489,00;14673028,28;22341190,72;14959330,18;2096060,55;2827967,55;757028,25;3063352,25;1318261;2256511,48;56008271,00;53419;85747,84;93342367,33;8375996,12;1193431;6595;3232;2480
2021-06-07;488373,25;198472,52;187930,69;259835,56;17985,49;24121,02;36086,13;57103,46;46530,74;11925,11;18341,20;25635,95;25000,02;9009,66;14287,67;1706436,00;45968012,00;39810702,00;17982812,00;9895453,00;7331444,00;14673028,28;22341190,72;14959330,18;2096060,55;2827967,55;757028,25;3063352,25;1318261;2256511,48;8705086,00;53419;85747,84;93342367,33;8375996,12;1193431;7379;3466;2480
2021-06-14;531594,02;201316,74;170576,40;258032,23;19631,44;37846,71;36086,13;57103,46;46530,74;11925,11;18341,20;25635,95;25000,02;9009,66;14287,67;1804156,00;45617528,00;34886473,00;16198563,00;11644874,00;6580250,00;14673028,28;22341190,72;14959330,18;2096060,55;2827967,55;757028,25;3063352,25;1318261;2256511,48;33640252,00;53419;85747,84;93342367,33;8375996,12;1193431;7486;3523;2480
2021-06-21;554339,89;289672,08;263459,84;266107,16;27518,62;43409,83;36086,13;57103,46;46530,74;11925,11;18341,20;25635,95;25000,02;9009,66;14287,67;1681366,00;43664779,00;37227465,00;18774089,00;12722998,00;6440478,00;14673028,28;22341190,72;14959330,18;2096060,55;2827967,55;757028,25;3063352,25;1318261;2256511,48;50424398,00;53419;85747,84;93342367,33;8375996,12;1193431;6639;3141;2480
2021-06-28;607607,20;278129,97;206040,42;255835,56;20742,92;26249,44;36086,13;57103,46;46530,74;11925,11;18341,20;25635,95;25000,02;9009,66;14287,67;1739012,00;55136272,00;45446315,00;28715329,00;10330700,00;5420511,00;14673028,28;22341190,72;14959330,18;2096060,55;2827967,55;757028,25;3063352,25;1318261;2256511,48;54440970,00;53419;85747,84;93342367,33;8375996,12;1193431;6243;2979;2480
2021-07-05;587070,05;105260,26;27546,47;63392,89;6570,17;21476,05;36086,13;57103,46;46530,74;11925,11;18341,20;25635,95;25000,02;9009,66;14287,67;1641658,00;32479724,00;9090545,00;6048585,00;4014742,00;4252677,00;14673028,28;22341190,72;14959330,18;2096060,55;2827967,55;757028,25;3063352,25;1318261;2256511,48;63015002,00;53419;85747,84;93342367,33;8375996,12;1193431;8066;3869;2480
2021-07-12;549470,23;81407,87;29976,18;111880,71;16456,75;35802,10;13800,00;57103,46;46530,74;11925,11;18341,20;25635,95;25000,02;9009,66;14287,67;1698520,00;44164505,00;8187134,00;24337707,00;9452014,00;6135477,00;2544558,00;22341190,72;14959330,18;2096060,55;2827967,55;757028,25;3063352,25;1318261;2256511,48;35775522,00;53419;85747,84;93342367,33;8375996,12;1193431;8294;3904;2480
2021-07-19;532385,25;91316,22;47077,84;145215,96;9629,44;32648,89;16100,00;57103,46;46530,74;11925,11;18341,20;25635,95;25000,02;9009,66;14287,67;1798445,00;49671795,00;13036249,00;26611528,00;5667134,00;6023184,00;2423949,00;22341190,72;14959330,18;2096060,55;2827967,55;757028,25;3063352,25;1318261;2256511,48;22531800,00;53419;85747,84;93342367,33;8375996,12;1193431;7412;3736;2480
2021-07-26;451593,60;70450,74;49457,50;226221,37;7704,83;14940,52;3855,13;57103,46;46530,74;11925,11;18341,20;25635,95;25000,02;9009,66;14287,67;1439081,00;41011580,00;10272716,00;46050827,00;5180163,00;3451162,00;652707,00;22341190,72;14959330,18;2096060,55;2827967,55;757028,25;3063352,25;1318261;2256511,48;37330870,00;53419;85747,84;93342367,33;8375996,12;1193431;6712;3000;2480
2021-08-02;542008,88;194315,10;171853,32;258057,65;8188,02;49180,34;36086,13;17723,49;46530,74;11925,11;18341,20;25635,95;25000,02;9009,66;14287,67;1470474,00;61953814,00;21392697,00;21439130,00;3795886,00;2,00;14673028,28;3445233,00;14959330,18;2096060,55;2827967,55;757028,25;3063352,25;1318261;2256511,48;55416549,00;53419;85747,84;93342367,33;8375996,12;1193431;7488;3393;2480
2021-08-09;556489,32;289524,05;199631,65;342556,66;25713,55;78613,93;36086,13;43065,61;46530,74;11925,11;18341,20;25635,95;25000,02;9009,66;14287,67;1502001,00;95894946,00;33978248,00;28185846,00;14105099,00;13631597,00;14673028,28;9008748,00;14959330,18;2096060,55;2827967,55;757028,25;3063352,25;1318261;2256511,48;73504626,00;53419;85747,84;93342367,33;8375996,12;1193431;8043;3847;2480
2021-08-16;581062,44;320343,24;241877,56;347987,87;34541,80;68410,95;36086,13;44368,80;46530,74;11925,11;18341,20;25635,95;25000,02;9009,66;14287,67;1671449,00;97943248,00;35825994,00;32616582,00;22446838,00;11735810,00;14673028,28;8057957,00;14959330,18;2096060,55;2827967,55;757028,25;3063352,25;1318261;2256511,48;119533649,00;53419;85747,84;93342367,33;8375996,12;1193431;10089;6715;2480
2021-08-23;542900,15;349557,62;182248,92;596575,48;24601,10;86775,16;58520,00;99761,79;46530,74;11925,11;18341,20;25635,95;25000,02;9009,66;14287,67;1680312,00;105415844,00;32111847,00;65970965,00;18906455,00;8294057,00;8568998,00;21934879,00;14959330,18;2096060,55;2827967,55;757028,25;3063352,25;1318261;2256511,48;119020621,00;53419;85747,84;93342367,33;8375996,12;1193431;7590;4718;2480
2021-08-30;457076,31;312424,88;205950,86;566579,77;6725,56;14561,67;10980,00;58126,66;46530,74;11925,11;18341,20;25635,95;25000,02;9009,66;14287,67;1430211,00;103933734,00;33932778,00;56815685,00;5513328,00;2053428,00;1643929,00;15368710,00;14959330,18;2096060,55;2827967,55;757028,25;3063352,25;1318261;2256511,48;80123355,00;53419;61152,00;93342367,33;8375996,12;1193431;6623;3457;2480
2021-09-06;432908,54;286573,67;216556,52;371997,05;40881,36;49180,34;30800,00;58611,43;46530,74;11925,11;18341,20;25635,95;25000,02;9009,66;14287,67;1833191,00;100542285,00;36569900,00;40127589,00;29837959,41;1,00;6634698,00;16311544,00;14959330,18;2096060,55;2827967,55;757028,25;3063352,25;1318261;2256511,48;70081632,00;53419;61152,00;93342367,33;8375996,12;1193431;7853;4300;2480
2021-09-13;539942,96;309627,17;171853,50;537292,10;7444,77;113370,46;40993,00;59758,75;46530,74;11925,11;18341,20;25635,95;25000,02;9009,66;14287,67;2210671,00;99543530,00;24930277,00;47982958,00;4163725,00;10749096,00;6462607,00;13458481,00;14959330,18;2096060,55;2827967,55;757028,25;3063352,25;1318261;2256511,48;104343267,00;53419;61152,00;93342367,33;8375996,12;1193431;8093;4337;2480
2021-09-20;673284,76;360292,26;246961,48;668496,99;51818,49;155791,42;84009,29;117312,13;46530,74;11925,11;18341,20;25635,95;25000,02;9009,66;14287,67;2187045,00;99317741,00;32278510,00;63043242,00;32654126,00;13509492,00;9735330,00;15090372,00;14959330,18;2096060,55;2827967,55;757028,25;3063352,25;1318261;2256511,48;81099631,00;53419;61152,00;93342367,33;8375996,12;1193431;7120;3803;2480
2021-09-27;570221,72;319066,31;229730,13;418175,72;48184,00;147756,48;49163,41;81377,87;46530,74;11925,11;18341,20;25635,95;25000,02;9009,66;14287,67;1616706,00;70496327,00;30837158,00;35752406,00;31392201,00;15794845,00;5232014,00;10148453,00;14959330,18;2096060,55;2827967,55;757028,25;3063352,25;1318261;2256511,48;79699614,00;53419;61152,00;93342367,33;8375996,12;1193431;6362;2754;2480
2021-10-04;8744,99;252818,85;345694,38;370128,45;40881,36;49180,34;36086,13;57103,46;46530,74;11925,11;18341,20;25635,95;25000,02;9009,66;14287,67;28070,00;85649106,03;68249639,79;43279200,39;29837959,41;1,00;14673028,28;22341190,72;14959330,18;2096060,55;2827967,55;757028,25;3063352,25;1318261;2256511,48;72949759,00;53419;85747,84;93342367,33;8375996,12;1193431;8628;3679;2480
2021-10-11;17975,26;252818,85;79570,43;370128,45;40881,36;49180,34;36086,13;57103,46;46530,74;11925,11;18341,20;25635,95;25000,02;9009,66;14287,67;51500,00;85649106,03;8680486,00;43279200,39;29837959,41;8,00;14673028,28;22341190,72;14959330,18;2096060,55;2827967,55;757028,25;3063352,25;1318261;2256511,48;85568615,00;53419;85747,84;93342367,33;8375996,12;1193431;8417;4010;2480
2021-10-18;15999,93;252818,85;345694,38;370128,45;40881,36;49180,34;36086,13;57103,46;46530,74;11925,11;18341,20;25635,95;25000,02;9009,66;14287,67;39084,00;85649106,03;68249639,79;43279200,39;29837959,41;5608595,46;14673028,28;22341190,72;14959330,18;2096060,55;2827967,55;757028,25;3063352,25;1318261;2256511,48;96088099,00;53419;85747,84;93342367,33;8375996,12;1193431;7729;4097;2480
2021-10-25;40555,80;252818,85;345694,38;370128,45;40881,36;49180,34;36086,13;57103,46;46530,74;11925,11;18341,20;25635,95;25000,02;9009,66;14287,67;152227,00;85649106,03;68249639,79;43279200,39;29837959,41;5608595,46;14673028,28;22341190,72;14959330,18;2096060,55;2827967,55;757028,25;3063352,25;1318261;2256511,48;141624195,00;53419;85747,84;93342367,33;8375996,12;1193431;6181;2665;2480
2021-11-01;67896,30;252818,85;345694,38;229402,06;40881,36;49180,34;36086,13;57103,46;46530,74;11925,11;18341,20;25635,95;25000,02;9009,66;14287,67;297614,00;85649106,03;68249639,79;8749129,00;29837959,41;5608595,46;14673028,28;22341190,72;14959330,18;2096060,55;2827967,55;757028,25;3063352,25;1318261;2256511,48;74436295,00;53419;85747,84;93342367,33;8375996,12;1193431;6590;3013;2480
2021-11-08;90138,08;252818,85;450001,70;383410,69;40881,36;49180,34;36086,13;57103,46;46530,74;11925,11;18341,20;25635,95;25000,02;9009,66;14287,67;365794,00;85649106,03;35410825,00;12488917,00;29837959,41;2,00;14673028,28;22341190,72;14959330,18;2096060,55;2827967,55;757028,25;3063352,25;1318261;2256511,48;56633694,00;53419;85747,84;93342367,33;8375996,12;1193431;6643;3205;2480
2021-11-15;98019,25;252818,85;345694,38;172741,25;40881,36;49180,34;36086,13;57103,46;46530,74;11925,11;18341,20;25635,95;25000,02;9009,66;14287,67;428479,00;85649106,03;68249639,79;4223875,00;29837959,41;5,00;14673028,28;22341190,72;14959330,18;2096060,55;2827967,55;757028,25;3063352,25;1318261;2256511,48;80958757,00;53419;85747,84;93342367,33;8375996,12;1193431;8480;4416;2480
2021-11-22;205242,98;252818,85;345694,38;370128,45;40881,36;49180,34;36086,13;57103,46;46530,74;11925,11;18341,20;25635,95;25000,02;9009,66;14287,67;648632,00;85649106,03;68249639,79;43279200,39;29837959,41;5608595,46;14673028,28;22341190,72;14959330,18;2096060,55;2827967,55;757028,25;3063352,25;1318261;2256511,48;90315027,00;53419;85747,84;93342367,33;8375996,12;1193431;6452;3172;2480
2021-11-29;186128,09;36108,95;21546,73;12711,61;40881,36;49180,34;36086,13;57103,46;46530,74;11925,11;18341,20;25635,95;25000,02;9009,66;14287,67;541097,00;7132657,00;4213226,00;1504629,00;29837959,41;5608595,46;14673028,28;22341190,72;14959330,18;2096060,55;2827967,55;757028,25;3063352,25;1318261;2256511,48;82510408,00;53419;118358,00;93342367,33;8375996,12;1193431;6487;3228;2480
2021-12-06;230979,45;57015,42;30561,28;84146,70;40881,36;49180,34;36086,13;57103,46;46530,74;11925,11;18341,20;25635,95;25000,02;9009,66;14287,67;648449,00;10781878,00;5131134,00;6856823,00;29837959,41;1366552,00;14673028,28;22341190,72;14959330,18;2096060,55;2827967,55;757028,25;3063352,25;1318261;2256511,48;60622573,00;53419;118358,00;93342367,33;8375996,12;1193431;7191;3807;2480
2021-12-13;264412,08;78063,91;72351,51;205881,98;40881,36;49180,34;36086,13;57103,46;46530,74;11925,11;18341,20;25635,95;25000,02;9009,66;14287,67;688187,00;13496553,00;10207139,00;20556646,00;29837959,41;5908891,00;14673028,28;22341190,72;14959330,18;2096060,55;2827967,55;757028,25;3063352,25;1318261;2256511,48;54119582,00;53419;118358,00;93342367,33;8375996,12;1193431;4230;2110;2480
2021-12-20;169333,45;46367,84;34038,88;212033,76;40881,36;49180,34;36086,13;57103,46;46530,74;11925,11;18341,20;25635,95;25000,02;9009,66;14287,67;419939,00;6254007,00;3359387,00;46772091,00;29837959,41;2057502,00;14673028,28;22341190,72;14959330,18;2096060,55;2827967,55;757028,25;3063352,25;1318261;2256511,48;63989877,00;53419;118358,00;93342367,33;8375996,12;1193431;4398;2183;2480
2021-12-27;62371,66;7306,65;345694,38;103965,96;40881,36;49180,34;36086,13;57103,46;46530,74;11925,11;18341,20;25635,95;25000,02;9009,66;14287,67;259783,00;391398,00;68249639,79;27310384,00;29837959,41;201654,00;14673028,28;22341190,72;14959330,18;2096060,55;2827967,55;757028,25;3063352,25;1318261;2256511,48;48592642,00;53419;118358,00;93342367,33;8375996,12;1193431;5446;1901;2705
2022-01-03;321579,18;99449,26;9467,00;131089,53;11001,37;66670,18;12000,00;16014,33;46530,74;11925,11;18341,20;25635,95;25000,02;9009,66;14287,67;1106742,00;40112381,00;303033,00;15656440,00;1095876,00;16911782,00;2330330,00;2112184,00;14959330,18;2096060,55;2827967,55;757028,25;3063352,25;1318261;2256511,48;26395364,00;53419;85747,84;93342367,33;8375996,12;1193431;5661;2421;2705
2022-01-10;380169,79;114493,67;191984,17;362147,71;32946,63;62734,76;27865,95;44686,16;46530,74;11925,11;18341,20;25635,95;25000,02;9009,66;14287,67;1158306,00;60143180,00;36595205,00;33197170,00;5907373,00;15207591,00;4857903,00;14896176,00;14959330,18;2096060,55;2827967,55;757028,25;3063352,25;1318261;2256511,48;26407494,00;53419;85747,84;93342367,33;8375996,12;1193431;6148;2855;2705
2022-01-17;429141,68;139725,77;280677,43;417505,71;30131,21;50303,85;28553,95;43960,22;46530,74;11925,11;18341,20;25635,95;25000,02;9009,66;14287,67;1181757,00;57710954,00;59426793,00;38834148,00;22196127,00;12874200,00;8541744,00;10481512,00;14959330,18;2096060,55;2827967,55;757028,25;3063352,25;1318261;2256511,48;24851378,00;53419;85747,84;93342367,33;8375996,12;1193431;6336;2906;2705
2022-01-24;619495,84;184313,06;297207,33;450170,17;10955,59;31568,52;28000,76;49157,59;46530,74;11925,11;18341,20;25635,95;25000,02;9009,66;14287,67;1920516,00;80482174,00;93731344,00;47369512,00;9027060,00;8315746,00;11444524,00;9188114,00;14959330,18;2096060,55;2827967,55;757028,25;3063352,25;1318261;2256511,48;19189448,00;53419;85747,84;93342367,33;8375996,12;1193431;7149;4197;2261
2022-01-31;437415,57;177613,33;154109,69;315771,67;19518,99;43332,13;15678,97;6533,73;46530,74;11925,11;18341,20;25635,95;25000,02;9009,66;14287,67;1694403,00;69160204,00;32216617,00;37582574,00;8886372,00;8732133,00;6910123,00;927748,00;14959330,18;2096060,55;2827967,55;757028,25;3063352,25;1318261;2256511,48;21967451,00;53419;85747,84;93342367,33;8375996,12;1193431;14613;8425;2150
2022-02-07;571109,57;237126,32;242339,83;565325,81;38811,06;140059,25;43282,09;67314,55;48483,25;11925,11;18341,20;25635,95;25000,02;9009,66;14287,67;2074214,00;76363360,00;46503329,00;52101011,00;20318160,00;15516393,00;16166759,00;15245218,00;11965569,00;2096060,55;2827967,55;757028,25;3063352,25;1318261;2256511,48;21192414,00;53419;85747,84;93342367,33;8375996,12;1193431;9899;5146;2150
2022-02-14;582947,67;397620,71;245877,60;632504,77;37069,95;120989,34;45794,63;102752,29;46530,74;11925,11;18341,20;25635,95;25000,02;9009,66;14287,67;1986067,00;96101563,00;65744269,00;58292381,00;16026077,00;13109609,00;16509068,00;25135120,00;14959330,18;2096060,55;2827967,55;757028,25;3063352,25;1318261;2256511,48;46075913,00;53419;85747,84;93342367,33;8375996,12;1193431;7878;3783;2150
2022-02-21;493763,25;712281,39;253945,05;747761,11;61187,73;132069,49;45793,32;94681,97;46530,74;11925,11;18341,20;25635,95;25000,02;9009,66;14287,67;1578720,00;209624707,00;75926780,00;66872683,00;27476384,00;14061764,00;15722371,00;20326273,00;14959330,18;2096060,55;2827967,55;757028,25;3063352,25;1318261;2256511,48;55924834,00;53419;85747,84;93342367,33;8375996,12;1193431;6091;2440;2230
2022-02-28;287885,99;386348,35;146474,04;377128,24;46227,83;138348,19;24005,12;5437,75;46530,74;11925,11;18341,20;25635,95;25000,02;9009,66;14287,67;1044511,00;146991462,00;54416270,00;48015650,00;15731056,00;18067600,00;7715187,00;1358576,00;14959330,18;2096060,55;2827967,55;757028,25;3063352,25;1318261;2256511,48;24529122,00;53419;129032,00;93342367,33;8375996,12;1193431;7553;3607;2250
2022-03-07;413403,23;330735,04;230171,29;591241,10;62402,59;120604,28;67799,51;31028,35;46530,74;11925,11;18341,20;25635,95;25000,02;9009,66;14287,67;1312314,00;107578790,00;73858657,00;66671575,00;32756741,00;15164373,00;26756105,00;7775521,00;14959330,18;2096060,55;2827967,55;757028,25;3063352,25;1318261;2256511,48;27909826,00;53419;129032,00;45619200,00;8375996,12;1193431;8284;4130;2250
2022-03-14;431085,59;239883,71;200617,33;323292,92;44220,26;73333,33;53957,65;77598,83;46530,74;19511,37;18341,20;25635,95;25000,02;9009,66;14287,67;1310780,00;67542831,00;59957517,00;32833388,00;28453500,00;8356542,00;20229372,00;7740506,00;14959330,18;2038404,00;2827967,55;757028,25;3063352,25;1318261;2256511,48;55557585,00;53419;129032,00;93342367,33;8375996,12;1193431;7859;4009;2250
2022-03-21;550285,20;1091165,59;124709,63;423177,64;36411,11;116375,99;25018,16;112213,07;116370,06;49651,92;18341,20;25635,95;25000,02;9009,66;14287,67;1896299,00;260672220,00;40017778,00;57806309,00;17950411,00;10380884,00;10458591,00;11074986,00;22525573,00;5259299,00;2827967,55;757028,25;3063352,25;1318261;2256511,48;43648351,00;53419;129032,00;93342367,33;8375996,12;1193431;7210;3853;2316
2022-03-28;518402,62;1089865,15;250710,40;1121109,15;12670,93;92406,49;146868,21;140093,06;82955,43;68681,03;18341,20;25635,95;25000,02;9009,66;14287,67;1740337,00;331273318,00;97604403,00;146664075,00;7494715,00;6574233,00;30970944,00;9662803,00;14565867,00;8898862,00;2827967,55;757028,25;3063352,25;1318261;2256511,48;45682503,00;53419;258072,00;93342367,33;8375996,12;1193431;7478;3609;2580
2022-04-04;491586,46;193200,77;143705,69;402542,53;48035,86;105368,60;17020,40;76577,61;46530,74;18566,66;18341,20;25635,95;25000,02;9009,66;14287,67;1419452,00;98888460,00;31719760,00;33192210,00;19718321,00;7568827,00;7905154,00;11044140,00;14959330,18;3639878,00;2827967,55;757028,25;3063352,25;1318261;2256511,48;37236703,00;53419;85747,84;93342367,33;8375996,12;1193431;5528;2459;2580
2022-04-11;513702,59;361091,06;229060,66;703265,58;64993,11;257392,62;65894,34;116013,85;46530,74;18566,65;18341,20;25635,95;25000,02;9009,66;14287,67;1528254,00;197794030,00;59591550,00;89788010,00;35923870,00;21124253,00;26455270,00;19620969,00;14959330,18;3838665,00;2827967,55;757028,25;3063352,25;1318261;2256511,48;45585673,00;53419;85747,84;93342367,33;8375996,12;1193431;6846;3142;2580
2022-04-18;605561,74;459228,83;259406,86;796266,21;104922,21;319360,75;117682,56;106281,84;46530,74;18672,85;18341,20;25635,95;25000,02;9009,66;14287,67;1724024,00;216746701,00;67202343,00;106348997,00;42326537,00;21187672,00;44149833,00;22133113,00;14959330,18;3894646,00;2827967,55;757028,25;3063352,25;1318261;2256511,48;74542102,00;53419;85747,84;93342367,33;2680588,00;1193431;8081;4469;2580
2022-04-25;548937,36;438970,13;261346,06;709966,11;79649,57;240605,52;99247,75;70803,44;46530,74;16135,84;18341,20;25635,95;25000,02;9009,66;14287,67;1604668,00;218677811,00;70321635,00;89567838,00;40153284,00;15881825,00;30247272,00;21286400,00;14959330,18;3044217,00;2827967,55;757028,25;3063352,25;1318261;2256511,48;73678379,00;53419;85747,84;34594560,00;2680588,00;1193431;6521;2928;2915
2022-05-02;453557,57;201972,95;241872,55;317153,77;44687,72;16032,76;15643,88;61454,74;46530,74;11925,11;18341,20;25635,95;25000,02;9009,66;14287,67;1536616,00;98880446,00;59507350,00;23869467,00;23871018,00;2102019,00;7646723,00;25159494,00;14959330,18;2096060,55;2827967,55;757028,25;3063352,25;1318261;2256511,48;52360573,00;53419;85747,84;123876480,00;8643399,00;1193431;7272;3243;2915
2022-05-09;514422,06;199365,81;267903,14;341551,68;22626,67;23892,62;22068,90;61132,46;46530,74;11925,11;18341,20;25635,95;25000,02;9009,66;14287,67;1810435,00;90959647,00;95119252,00;32446128,00;15191800,00;3170216,00;11383292,00;29688209,00;14959330,18;2096060,55;2827967,55;757028,25;3063352,25;1318261;2256511,48;117296569,00;53419;85747,84;34594560,00;8643399,00;1193431;8273;4065;2915
2022-05-16;544873,86;203121,21;298521,49;349824,92;45390,10;22777,17;34083,97;76054,58;7417,56;11925,11;18341,20;25635,95;25000,02;9009,66;14287,67;1956308,00;86482152,00;126858876,00;38394421,00;27692622,00;2549195,00;15201093,00;25701693,00;2519699,00;2096060,55;2827967,55;757028,25;3063352,25;1318261;2256511,48;65941362,00;53419;85747,84;68104960,00;3928428,00;1193431;7347;3783;2915
2022-05-23;566100,04;206045,54;255193,68;350180,91;32893,39;20903,53;15855,76;92979,40;8656,13;11925,11;18341,20;25635,95;25000,02;9009,66;14287,67;1652467,00;85774961,00;115612288,00;39031801,00;22226517,00;2419776,00;6657721,00;33701568,00;3829735,00;2096060,55;2827967,55;757028,25;3063352,25;1318261;2256511,48;59933225,00;53419;85747,84;142506560,00;2252457,00;1193431;6927;3559;2756
2022-05-30;393925,40;159557,47;204866,78;379401,21;63739,37;5106,70;19826,26;75494,84;5263,66;6535,68;18341,20;25635,95;25000,02;9009,66;14287,67;1330622,00;73754962,00;91691559,00;47474855,00;28406630,00;590032,00;9655341,00;26574974,00;10523274,00;1188692,00;2827967,55;757028,25;3063352,25;1318261;2256511,48;71344938,00;53419;85747,84;48390720,00;8375996,12;1193431;7060;3203;2650
2022-06-06;488501,62;149514,53;244918,94;475490,99;89574,52;60768,35;60793,87;67088,17;6887,61;10421,24;18341,20;25635,95;25000,02;9009,66;14287,67;1527386,00;66981785,00;61625153,00;51016293,00;47416795,00;5837571,00;20914535,00;24566217,00;13312770,00;2060472,00;2827967,55;757028,25;3063352,25;1318261;2256511,48;99666137,00;53419;85747,84;110175520,00;8375996,12;1193431;6201;2732;2650
2022-06-13;527034,16;149924,17;434363,37;373895,77;27240,66;61635,95;51749,96;67005,64;3373,67;10403,85;18341,20;25635,95;25000,02;9009,66;14287,67;1737454,00;59758581,00;137293371,00;42220861,00;14433869,00;5495149,00;19907817,00;19165712,00;4023676,00;2054119,00;2827967,55;757028,25;3063352,25;1318261;2256511,48;88052198,00;53419;85747,84;8888880,00;8375996,12;1193431;8244;4021;2650
2022-06-20;601207,16;150229,50;328677,67;310038,05;40881,36;57206,96;45115,90;68260,16;6183,97;10420,99;18341,20;25635,95;25000,02;9009,66;14287,67;1847248,00;50677781,00;108984917,00;37247589,00;29837959,41;4454475,00;17917939,00;21187817,00;8285386,00;1827134,00;2827967,55;757028,25;3063352,25;1318261;2256511,48;92240351,00;53419;85747,84;83290480,00;8375996,12;1193431;6770;3420;2604
2022-06-27;441830,01;133118,32;202588,46;275356,41;2843,05;43267,02;41327,87;67568,45;14139,97;10838,43;18341,20;25635,95;25000,02;9009,66;14287,67;1462873,00;56065923,00;66203978,00;29815635,00;364041,00;3792805,00;19344372,00;19655376,00;23087635,00;2043563,00;2827967,55;757028,25;3063352,25;1318261;2256511,48;39927767,00;53419;85747,84;30139200,00;8375996,12;1193431;6269;2722;2420
2022-07-04;431863,45;153665,47;352848,25;388026,38;56271,11;40704,75;37322,66;83422,24;7805,74;11425,84;18341,20;25635,95;25000,02;9009,66;14287,67;1577439,00;66362042,00;144999745,00;45843542,00;18258169,00;5716249,00;23195190,00;40394223,00;24923926,00;2432700,00;2827967,55;757028,25;3063352,25;1318261;2256511,48;17163721,00;53419;85747,84;89281920,00;8375996,12;1193431;6776;2897;2420
2022-07-11;555901,04;163696,63;289429,32;393822,89;96337,22;39293,22;23461,23;86976,27;8068,99;11449,13;18341,20;25635,95;25000,02;9009,66;14287,67;1854181,00;57189659,00;123398848,00;43507736,00;42823781,00;5077414,00;11692137,00;32285156,00;22121354,00;2310821,00;2827967,55;757028,25;3063352,25;1318261;2256511,48;27557028,00;53419;85747,84;93342367,33;8375996,12;1193431;8366;4067;2420
2022-07-18;717847,86;161726,57;231248,18;438774,18;50234,08;37399,51;44845,75;68283,36;8246,37;11447,88;18341,20;25635,95;25000,02;9009,66;14287,67;1787306,00;56350613,00;109436607,00;56858518,00;29157735,00;3177090,00;23142902,00;21636677,00;16611959,00;2250787,00;2827967,55;757028,25;3063352,25;1318261;2256511,48;20174425,00;53419;85747,84;93342367,33;8375996,12;1193431;7422;3987;2420
2022-07-25;465205,08;158234,84;356898,69;368624,09;27594,74;32810,59;37245,77;32383,62;5553,43;11411,96;18341,20;25635,95;25000,02;9009,66;14287,67;1036841,00;54446670,00;93680118,00;40569054,00;23931815,00;3882601,00;17700368,00;10307673,00;10463280,00;2165866,00;2827967,55;757028,25;3063352,25;1318261;2256511,48;19301594,00;53419;85747,84;93342367,33;8375996,12;1193431;7422;2890;2685
2022-08-01;479182,54;200822,86;195727,36;366836,34;70469,11;46905,71;27891,29;73895,70;7267,98;8630,32;18341,20;25635,95;25000,02;9009,66;14287,67;1320610,00;82655853,00;82630513,00;43762379,00;42331038,00;4600174,00;18555673,00;30875419,00;18979203,00;1831357,00;2827967,55;757028,25;3063352,25;1318261;2256511,48;14549850,00;53419;85747,84;93342367,33;8375996,12;1193431;6254;2895;2685
2022-08-08;492717,33;209633,28;192162,17;392276,43;64246,08;48010,58;29627,04;78269,78;7433,08;9133,76;18341,20;25635,95;25000,02;9009,66;14287,67;1439930,00;75841085,00;80462232,00;42760578,00;43789399,00;4408933,00;18270153,00;28236241,00;18308314,00;1918118,00;2827967,55;757028,25;3063352,25;1318261;2256511,48;16869884,00;53419;85747,84;93342367,33;8375996,12;1193431;7119;3408;2685
2022-08-15;538028,29;216703,53;228194,95;435475,90;52765,17;45959,34;31209,61;71377,38;7459,74;9154,17;18341,20;25635,95;25000,02;9009,66;14287,67;1416450,00;77649376,00;87527397,00;56244766,00;40441227,00;4591466,00;22727109,00;27752295,00;9033030,00;1825090,00;2827967,55;757028,25;3063352,25;1318261;2256511,48;14474480,00;53419;85747,84;93342367,33;8375996,12;1193431;8251;4119;2685
2022-08-22;578915,38;223873,40;267051,57;471854,40;44448,71;42482,84;30909,32;69288,79;9460,41;9130,42;18341,20;25635,95;25000,02;9009,66;14287,67;1560170,00;79183327,00;89039971,00;57028386,00;35550425,00;3732922,00;27503180,00;31141892,00;9034322,00;1839220,00;2827967,55;757028,25;3063352,25;1318261;2256511,48;17933058,00;53419;85747,84;93342367,33;8375996,12;1193431;7055;3550;2603
2022-08-29;514554,56;196925,30;198620,13;361320,64;47492,62;39993,83;24951,22;61835,29;7802,08;9904,16;18341,20;25635,95;25000,02;9009,66;14287,67;1649391,00;74887650,00;82638856,00;55270598,00;38027360,00;4841906,00;22892168,00;26004174,00;19769438,00;2004880,00;2827967,55;757028,25;3063352,25;1318261;2256511,48;13211832,00;53419;66686,00;93342367,33;8375996,12;1193431;5425;2305;2480
2022-09-05;473481,82;209550,45;235550,97;388422,02;64054,14;45813,97;28872,51;93577,18;8157,08;10632,40;18341,20;25635,95;25000,02;9009,66;14287,67;1378019,00;72420971,00;94044177,00;56323639,00;43958166,00;7292857,00;22718025,00;47977570,00;14462577,00;2017110,00;2827967,55;757028,25;3063352,25;1318261;2256511,48;14102076,00;53419;33333,00;93342367,33;8375996,12;1193431;6669;2899;2480
2022-09-12;545080,73;182846,82;291159,28;478075,12;93720,04;44030,10;30720,20;81907,58;44606,51;11011,14;18341,20;25635,95;25000,02;9009,66;14287,67;1694247,00;65848093,00;92057492,00;51040772,00;45874620,00;5546748,00;27431061,00;41191055,00;16263621,00;2063384,00;2827967,55;757028,25;3063352,25;1318261;2256511,48;11976096,00;53419;33333,00;93342367,33;8375996,12;1193431;7598;3769;2480
2022-09-19;546176,16;265544,59;422513,58;481608,61;69335,54;42816,68;28782,62;65529,87;70838,78;10879,49;18341,20;25635,95;25000,02;9009,66;14287,67;1812326,00;75891740,00;118860188,00;55796505,00;38081770,00;4118045,00;23075312,00;28840483,00;19247851,00;2069857,00;2827967,55;757028,25;3063352,25;1318261;2256511,48;16106876,00;53419;33333,00;93342367,33;8375996,12;1193431;6542;3410;2480
2022-09-26;513203,94;251273,26;422890,56;328183,61;45004,11;33337,27;18258,24;34364,89;96607,94;8142,21;18341,20;25635,95;25000,02;9009,66;14287,67;1819501,00;78049448,00;103094485,00;31063844,00;32304773,00;2878314,00;13655232,00;17064380,00;10953931,00;1577510,00;2827967,55;757028,25;3063352,25;1318261;2256511,48;27788806,00;53419;65591,00;93342367,33;8375996,12;1193431;6124;2726;2715
2022-10-03;514778,49;132820,06;281415,78;330510,70;31268,54;20877,50;14351,52;37044,00;104175,71;5241,86;18341,20;25635,95;25000,02;9009,66;14287,67;1526219,00;54547185,00;69217928,00;44135531,00;35681136,00;3263872,00;14151180,00;25808628,00;32817596,00;1227747,00;2827967,55;757028,25;3063352,25;1318261;2256511,48;29120887,00;53419;32258,00;93342367,33;8375996,12;1193431;5776;2575;2715
2022-10-10;509309,73;130113,53;303141,72;334391,83;25077,57;20285,34;15512,39;49473,89;121746,23;5342,33;18341,20;25635,95;25000,02;9009,66;14287,67;1658943,00;53137885,00;74968874,00;46093885,00;31142138,00;3548881,00;10911175,00;36417304,00;37176231,00;1325896,00;2827967,55;757028,25;3063352,25;1318261;2256511,48;16403124,00;53419;32258,00;93342367,33;8375996,12;1193431;7206;3344;2715
2022-10-17;502562,63;118190,90;298986,31;331095,67;20174,72;19477,64;20151,80;46516,61;125719,42;5311,69;18341,20;25635,95;25000,02;9009,66;14287,67;1683873,00;47246621,00;74351781,00;41345819,00;24774993,00;3149534,00;13642344,00;26689736,00;28248551,00;1396676,00;2827967,55;757028,25;3063352,25;1318261;2256511,48;15786674,00;53419;32258,00;30159360,00;8375996,12;1193431;8389;4081;2715
2022-10-24;466577,49;118293,57;310170,76;325222,87;19801,12;17061,52;18752,58;38798,00;113929,41;5317,80;18341,20;25635,95;25000,02;9009,66;14287,67;1523143,00;43979109,00;75328535,00;36806395,00;21119854,00;2912427,00;15808650,00;15704048,00;27586296,00;1328754,00;2827967,55;757028,25;3063352,25;1318261;2256511,48;17149369,00;53419;32258,00;93342367,33;8375996,12;1193431;4997;2179;2963
2022-10-31;437459,61;142882,74;302211,35;278203,47;31952,03;19838,51;3071,71;36448,62;89493,35;4837,87;18341,20;25635,95;25000,02;9009,66;14287,67;1326786,00;62483654,00;55082033,00;35965590,00;45892703,00;3597047,00;2500716,00;24899073,00;15608995,00;1299291,00;2827967,55;757028,25;3063352,25;1318261;2256511,48;9754430,00;53419;65591,00;93342367,33;8375996,12;1193431;6177;2549;3025
2022-11-07;521538,09;193199,54;284030,99;278992,68;32134,11;21594,32;36086,13;64281,34;164952,93;4828,41;18341,20;25635,95;25000,02;9009,66;14287,67;1552325,00;67312902,00;47413390,00;30601314,00;38449369,00;3765769,00;14673028,28;29502967,00;41486691,00;1343056,00;2827967,55;757028,25;3063352,25;1318261;2256511,48;5338960,00;53419;33333,00;30159360,00;8375996,12;1193431;6153;2722;3025
2022-11-14;512560,92;156629,59;792348,52;238151,63;24311,43;20921,15;3563,01;49616,92;126277,83;4780,73;18341,20;25635,95;25000,02;9009,66;14287,67;1520200,00;51914766,00;129656182,00;27848571,00;30032989,00;2359792,00;2872779,00;21315828,00;35269437,00;1484293,00;2827967,55;757028,25;3063352,25;1318261;2256511,48;1118320,00;53419;33333,00;93342367,33;8375996,12;1193431;7055;3626;3025
2022-11-21;499071,74;112256,48;421503,50;210267,20;20181,82;18517,35;36086,13;23777,96;141217,59;4816,50;18341,20;25635,95;25000,02;9009,66;14287,67;1428682,00;35077761,00;36865620,00;22370994,00;24379735,00;1412009,00;14673028,28;8321744,00;35855125,00;1296140,00;2827967,55;757028,25;3063352,25;1318261;2256511,48;1118320,00;53419;33333,00;93342367,33;8375996,12;1193431;5968;2788;3069
2022-11-28;307106,47;38475,21;267565,88;95417,85;6153,91;9345,71;36086,13;4360,92;54473,93;2029,38;18341,20;25635,95;25000,02;9009,66;14287,67;739181,00;12500802,00;26421730,00;9352924,00;6774480,00;697957,00;14673028,28;2224988,00;21031977,00;560010,00;2827967,55;757028,25;3063352,25;1318261;2256511,48;1118320,00;53419;65591,00;93342367,33;8375996,12;1193431;5128;2220;3135
2022-12-05;230927,50;252818,85;112439,28;116260,06;40881,36;49180,34;36086,13;57103,46;91228,96;11925,11;18341,20;25635,95;25000,02;9009,66;14287,67;350002,00;85649106,03;4341387,00;3631260,00;29837959,41;5608595,46;14673028,28;22341190,72;17572905,00;2096060,55;2827967,55;757028,25;3063352,25;1318261;2256511,48;1118320,00;53419;32258,00;93342367,33;8375996,12;1193431;6282;3066;3135
2022-12-12;300826,92;252818,85;262112,59;316501,98;40881,36;49180,34;36086,13;57103,46;114168,81;11925,11;18341,20;25635,95;25000,02;9009,66;14287,67;638925,00;85649106,03;12820790,00;18770346,00;29837959,41;5608595,46;14673028,28;22341190,72;14316703,00;2096060,55;2827967,55;757028,25;3063352,25;1318261;2256511,48;1118320,00;53419;32258,00;93342367,33;8375996,12;1193431;4278;1690;3135
2022-12-19;392173,24;76469,16;465892,68;474989,46;40881,36;122073,14;36086,13;88204,64;43004,44;11925,11;18341,20;25635,95;25000,02;9009,66;14287,67;878324,00;18174842,00;52553481,00;60047731,00;29837959,41;5076753,00;14673028,28;57016961,00;4961882,00;2096060,55;2827967,55;757028,25;3063352,25;1318261;2256511,48;2848640,00;53419;32258,00;93342367,33;8375996,12;1193431;4521;1646;3135
2022-12-26;344350,95;62072,88;230549,67;186911,34;40881,36;49180,34;36086,13;33017,39;46530,74;11925,11;18341,20;25635,95;25000,02;9009,66;14287,67;884883,00;24420390,00;37577526,00;34427897,00;29837959,41;701590,00;14673028,28;43830791,00;14959330,18;2096060,55;2827967,55;757028,25;3063352,25;1318261;2256511,48;8793600,00;53419;64520,00;44000320,00;8375996,12;1193431;5705;2067;1935
2023-01-02;310118,75;91003,10;231607,60;204525,16;19637,77;12057,90;36086,13;21508,66;76595,47;11925,11;18341,20;25635,95;25000,02;9009,66;14287,67;897203,00;53037867,00;44236141,00;45144616,00;21646512,00;2459880,00;14673028,28;48561908,00;26702446,00;2096060,55;2827967,55;757028,25;3063352,25;1318261;2256511,48;2489680,00;53419;85747,84;70943600,00;791147,00;1193431;6298;2311;1935
2023-01-09;324364,06;154195,02;174292,58;273341,77;14938,92;23424,02;36086,13;14840,46;85920,75;11925,11;1724,08;25635,95;25000,02;9009,66;14287,67;892130,00;91217100,00;30800744,00;51875125,00;29124203,00;4595614,00;14673028,28;34139984,00;30126942,00;2096060,55;644607,00;757028,25;3063352,25;1318261;2256511,48;873600,00;53419;85747,84;93342367,33;5042576,00;1193431;7433;3232;1935
2023-01-16;324978,45;156362,04;155350,87;327765,14;8251,76;21664,90;36086,13;15597,54;78294,89;11925,11;18341,20;25635,95;25000,02;9009,66;14287,67;912432,00;78156485,00;33357961,00;53688554,00;22080557,00;4473019,00;14673028,28;39849006,00;27661507,00;2096060,55;2827967,55;757028,25;3063352,25;1318261;2256511,48;873600,00;53419;85747,84;93342367,33;6505076,00;1193431;6930;2625;1935
2023-01-23;303342,36;154847,91;179048,86;388351,78;6927,22;18036,58;36086,13;16092,06;106556,52;11925,11;18341,20;25635,95;25000,02;9009,66;14287,67;875531,00;66565429,00;30481382,00;59665011,00;15324103,00;3648182,00;14673028,28;36567473,00;44801862,00;2096060,55;2827967,55;757028,25;3063352,25;1318261;2256511,48;873600,00;53419;85747,84;93342367,33;15216417,00;1193431;6280;2539;2133
2023-01-30;289064,83;130506,76;307585,97;288406,47;654,38;23019,18;36086,13;13101,12;95700,91;11925,11;18341,20;25635,95;25000,02;9009,66;14287,67;825034,00;57692367,00;50876468,00;42343668,00;1285773,00;4710751,00;14673028,28;23671725,00;40386571,00;2096060,55;2827967,55;757028,25;3063352,25;1318261;2256511,48;3791920,00;53419;85747,84;93342367,33;49219885,00;1193431;6739;2952;2265
2023-02-06;333490,44;100898,73;652304,26;264444,50;12548,63;27876,17;36086,13;15616,39;82218,37;11925,11;1044,13;25635,95;25000,02;9009,66;14287,67;818782,00;44625640,00;129922833,00;31345914,00;17542415,00;3665451,00;14673028,28;35839338,00;27249802,00;2096060,55;166804,00;757028,25;3063352,25;1318261;2256511,48;3305600,00;53419;85747,84;93342367,33;11149626,00;1193431;5207;2108;2265
2023-02-13;368522,50;250633,77;480184,25;462205,13;30130,44;36699,37;36086,13;15445,72;100278,97;11925,11;18341,20;25635,95;25000,02;9009,66;14287,67;1222885,00;83734947,00;59698216,00;50298688,00;56578162,00;3959192,00;14673028,28;32880924,00;38307929,00;2096060,55;2827967,55;757028,25;3063352,25;1318261;2256511,48;7308900,00;53419;85747,84;35922435,00;6162760,00;1193431;5010;2046;2265
2023-02-20;330333,54;182798,09;454643,51;497226,37;23184,26;13594,29;36086,13;15681,95;37990,75;11925,11;18341,20;25635,95;25000,02;9009,66;14287,67;1083381,00;73960661,00;52672298,00;69170033,00;47819417,00;1131464,00;14673028,28;34137395,00;13850405,00;2096060,55;2827967,55;757028,25;3063352,25;1318261;2256511,48;2725860,00;53419;85747,84;44829933,00;12572348,00;1193431;5988;2615;2760
2023-02-27;349644,85;249111,79;684544,29;549077,46;14944,97;16942,56;36086,13;4205,29;30767,14;11925,11;18341,20;25635,95;25000,02;9009,66;14287,67;1116347,00;105060771,00;101496670,00;69803777,00;31788458,00;2472945,00;14673028,28;9879114,00;8871382,00;2096060,55;2827967,55;757028,25;3063352,25;1318261;2256511,48;2083200,00;53419;85747,84;54483233,00;13455888,00;1193431;6091;2712;3090
2023-03-06;486931,67;484956,53;691845,70;762291,58;91173,35;23788,71;36086,13;57103,46;70533,70;7974,82;52617,03;22186,49;12266,27;9009,66;14287,67;1397175,00;178836855,00;81435062,00;91598562,00;90775683,00;3088482,00;14673028,28;22341190,72;18651610,00;1053285,00;2905777,00;658854,00;1188915,00;1318261;2256511,48;27701980,00;53419;85747,84;93342367,33;5835083,00;1193431;6628;2860;3090
2023-03-13;620214,37;514768,04;2358009,13;989371,34;97516,14;106403,39;36086,13;57103,46;70407,90;9814,72;127043,29;30871,09;54209,16;9009,66;14287,67;1500203,00;175152830,00;481266087,00;102901842,00;68939863,00;9894108,00;14673028,28;22341190,72;18015201,00;903328,00;9917870,00;910504,00;6854167,00;1318261;2256511,48;25836960,00;53419;85747,84;93342367,33;2988000,00;1193431;7469;3134;3090
2023-03-20;745038,58;463523,84;1203318,84;935812,10;67453,04;139128,40;36086,13;57103,46;64756,41;1195,87;89323,00;31770,43;25879,21;9009,66;14287,67;1627275,00;182048461,00;139330653,00;91222791,00;58166742,00;9879806,00;14673028,28;22341190,72;15590580,00;185577,00;9083817,00;945560,00;3306699,00;1318261;2256511,48;19866540,00;53419;85747,84;40434432,00;8375996,12;1193431;6332;2567;3090
2023-03-27;715026,12;329704,95;818542,68;789120,54;42271,28;108172,84;36086,13;57103,46;64107,55;902,76;36761,60;17715,79;7645,44;9009,66;14287,67;1600262,00;142736943,00;109550389,00;83062703,00;51759325,00;7361755,00;14673028,28;22341190,72;15044021,00;151597,00;4397575,00;513195,00;903628,00;1318261;2256511,48;15667080,00;53419;85747,84;93342367,33;8375996,12;1193431;4554;1769;2495
2023-04-03;401669,30;133164,14;289302,47;259141,83;26856,74;10586,40;36086,13;57103,46;36643,47;11925,11;8741,84;25635,95;25000,02;9009,66;14287,67;1007141,00;61762126,00;43078022,00;32699892,00;50002419,00;2020501,00;14673028,28;22341190,72;11510891,00;2096060,55;1604485,00;757028,25;3063352,25;1318261;2256511,48;1872000,00;53419;85747,84;93342367,33;8375996,12;1193431;10204;4079;2495
2023-04-10;491539,74;177882,80;354421,27;288462,06;28177,43;11375,13;36086,13;57103,46;39572,86;11925,11;15970,42;25635,95;25000,02;9009,66;14287,67;928493,00;67988647,00;73043981,00;35191379,00;31004874,00;2299505,00;14673028,28;22341190,72;11867611,00;2096060,55;2616830,00;757028,25;3063352,25;1318261;2256511,48;1872000,00;53419;85747,84;28769734,00;8375996,12;1193431;5365;1972;2495
2023-04-17;444872,08;267042,02;507896,09;298711,02;19266,38;9953,38;36086,13;57103,46;30807,42;11925,11;14237,30;25635,95;25000,02;9009,66;14287,67;888690,00;86895557,00;104817054,00;33740315,00;40954149,00;1287233,00;14673028,28;22341190,72;8559925,00;2096060,55;3184293,00;757028,25;3063352,25;1318261;2256511,48;748800,00;53419;85747,84;89781052,00;8375996,12;1193431;5627;2188;2495
2023-04-24;410227,86;179471,67;415218,61;359837,58;15782,23;8291,41;36086,13;57103,46;38398,72;11925,11;15225,48;25635,95;25000,02;9009,66;14287,67;854762,00;58911973,00;80589276,00;38659520,00;42551242,00;769788,00;14673028,28;22341190,72;9348354,00;2096060,55;3004158,00;757028,25;3063352,25;1318261;2256511,48;4791360,00;53419;85747,84;259242405,00;8375996,12;1193431;4838;1896;2570
2023-05-01;410367,65;158008,16;291988,29;262401,44;52137,88;21266,17;36086,13;57103,46;38022,41;11925,11;9755,72;25635,95;25000,02;9009,66;14287,67;881262,00;78210234,00;61925619,00;32803034,00;92507285,00;2589143,00;14673028,28;22341190,72;12492047,00;2096060,55;2174907,00;757028,25;3063352,25;1318261;2256511,48;36556881,62;53419;85747,84;125425560,00;8375996,12;1193431;5584;2060;2570
2023-05-08;511742,09;348756,95;588658,11;447711,86;198072,28;93371,54;36086,13;57103,46;42516,86;11925,11;13451,55;25635,95;25000,02;13265,26;14287,67;1284492,00;116774136,00;90784145,00;48396148,00;239623622,00;7580259,00;14673028,28;22341190,72;12201427,00;2096060,55;3894973,00;757028,25;3063352,25;1244805;2256511,48;36556881,62;53419;85747,84;182457951,00;8375996,12;1193431;6904;2877;2570
2023-05-15;686379,82;395222,79;1660052,48;527354,16;81106,54;64934,32;36086,13;57103,46;60666,84;11925,11;4453,18;25635,95;25000,02;19672,74;14287,67;1738450,00;150698861,00;376217038,00;59228753,00;136539510,00;5242546,00;14673028,28;22341190,72;15579633,00;2096060,55;928888,00;757028,25;3063352,25;1881196;2256511,48;2328512,00;53419;85747,84;49790919,00;8375996,12;1193431;5903;2340;2570
2023-05-22;697484,82;378958,07;640954,20;566138,65;66232,05;51092,55;36086,13;57103,46;60651,78;11925,11;15222,27;25635,95;25000,02;10969,30;14287,67;2199456,00;134555960,00;106469264,00;62890157,00;77737347,00;3843419,00;14673028,28;22341190,72;13977771,00;2096060,55;3923652,00;757028,25;3063352,25;1163085;2256511,48;4021984,00;53419;85747,84;28769734,00;8375996,12;1193431;5187;1860;2432
2023-05-29;516401,73;217318,44;389481,94;302959,51;59347,75;33483,18;36086,13;57103,46;28537,97;11925,11;25979,82;25635,95;25000,02;3924,40;14287,67;1756894,00;85078253,00;82156204,00;34970269,00;61937192,00;2848656,00;14673028,28;22341190,72;5630735,00;2096060,55;3036406,00;757028,25;3063352,25;426563;2256511,48;3210528,00;53419;85747,84;137217933,00;8375996,12;1193431;8995;3638;2225
2023-06-05;695040,14;415167,34;705556,28;622886,36;128896,14;56260,96;36086,13;57103,46;29873,51;11925,11;8201,13;25635,95;25000,02;9009,66;14287,67;3327595,00;142151668,00;114297791,00;67017956,00;98827537,00;4840339,00;14673028,28;22341190,72;6679236,00;2096060,55;1020245,00;757028,25;3063352,25;1318261;2256511,48;8720224,00;53419;85747,84;252117667,00;8375996,12;1193431;10929;3909;2225
2023-06-12;873898,64;502053,25;1561868,13;847554,60;368795,87;157544,88;36086,13;57103,46;30881,83;11925,11;20127,59;25635,95;25000,02;9009,66;14287,67;4305424,00;189940123,00;303108975,00;119125077,00;219739846,00;7416303,00;14673028,28;22341190,72;6451353,00;2096060,55;3902210,00;757028,25;3063352,25;1318261;2256511,48;6283264,00;53419;85747,84;144381262,00;8375996,12;1193431;9480;3619;2225
2023-06-19;893820,78;430405,56;704338,54;798108,69;206581,41;43156,58;36086,13;57103,46;35683,88;11925,11;35412,49;25635,95;25000,02;9009,66;14287,67;5329381,00;186267932,00;209502996,00;120215309,00;135443052,00;2679892,00;14673028,28;22341190,72;6444215,00;2096060,55;4620215,00;757028,25;3063352,25;1318261;2256511,48;10781322,00;53419;85747,84;365958478,00;8375996,12;1193431;8157;2975;2225
2023-06-26;518192,03;321489,34;874783,23;423643,57;70298,85;32337,62;36086,13;57103,46;30464,96;11925,11;66681,76;25635,95;25000,02;9009,66;14287,67;3453232,00;132163702,00;255307707,00;58917985,00;52024223,00;1590580,00;14673028,28;22341190,72;6227063,00;2096060,55;5309245,00;757028,25;3063352,25;1318261;2256511,48;5480845,00;53419;85747,84;58768729,00;8375996,12;1193431;6530;2405;2790
2023-07-03;348698,06;81040,58;205457,22;177377,87;12638,10;5081,99;36086,13;57103,46;5454,64;11925,11;6147,93;25635,95;25000,02;9009,66;14287,67;1131650,00;40774576,00;58859439,00;25180240,00;14682427,00;795750,00;14673028,28;22341190,72;1588547,00;2096060,55;1771338,00;757028,25;3063352,25;1318261;2256511,48;36556881,62;53419;85747,84;46764164,00;8375996,12;1193431;6543;2432;2790
2023-07-10;514344,13;247325,64;460315,31;494369,86;88486,84;22277,34;36086,13;57103,46;18019,92;11925,11;18533,42;25635,95;25000,02;9009,66;14287,67;1572023,00;115097445,00;93130461,00;57525438,00;62857753,00;4110591,00;14673028,28;22341190,72;4551723,00;2096060,55;3339510,00;757028,25;3063352,25;1318261;2256511,48;31544336,00;53419;85747,84;28285188,00;8375996,12;1193431;6698;2706;2790
2023-07-17;460161,28;203488,70;890375,93;578000,87;32437,20;21800,33;36086,13;57103,46;25338,72;11925,11;24169,88;25635,95;25000,02;9009,66;20303,43;1840831,00;101093628,00;126541882,00;69259381,00;23969896,00;2837824,00;14673028,28;22341190,72;6954729,00;2096060,55;3951348,00;757028,25;3063352,25;1318261;2043122,00;38364816,00;53419;85747,84;21577301,00;8375996,12;1193431;8072;3201;2790
2023-07-24;646588,35;174626,92;732284,39;755650,95;29445,81;17427,47;36086,13;57103,46;22926,28;11925,11;16229,77;25635,95;25000,02;9009,66;47708,14;5337786,00;83633957,00;141460566,00;97646599,00;21194507,00;1649200,00;14673028,28;22341190,72;6708991,00;2096060,55;2344080,00;757028,25;3063352,25;1318261;6581652,00;37723208,00;53419;85747,84;21577301,00;8375996,12;1193431;6111;2208;2702
2023-07-31;494046,19;130036,46;287145,16;342522,52;24616,62;12222,04;36086,13;57103,46;11147,46;11925,11;11692,29;25635,95;25000,02;9009,66;20863,92;3154651,00;59144141,00;30665358,00;48648062,00;19756756,00;1660881,00;14673028,28;22341190,72;3876051,00;2096060,55;2561767,00;757028,25;3063352,25;1318261;3293330,00;7668616,00;53419;72258,00;197162085,00;8375996,12;1193431;6269;2572;2680
2023-08-07;583939,37;137712,75;261699,69;344116,00;23703,59;12043,33;36086,13;57103,46;11450,31;11925,11;11590,64;25635,95;25000,02;9009,66;11042,14;5186280,00;58663359,00;24673167,00;54742615,00;21231156,00;1842717,00;14673028,28;22341190,72;3794817,00;2096060,55;2887861,00;757028,25;3063352,25;1318261;2181303,00;36556881,62;53419;72258,00;320014890,00;8375996,12;1193431;6844;2797;2680
2023-08-14;449071,70;137390,97;210519,10;269194,16;102363,72;3741,65;36086,13;57103,46;10051,26;11925,11;9783,40;25635,95;25000,02;9009,66;9752,95;1182137,00;51619019,00;22643567,00;44112370,00;23460632,00;768556,00;14673028,28;22341190,72;3574181,00;2096060,55;1896803,00;757028,25;3063352,25;1318261;2462570,00;36556881,62;53419;72258,00;497960667,00;8375996,12;1193431;6657;2726;2680
2023-08-21;507300,91;123266,67;233041,30;280411,98;123146,09;3400,06;36086,13;57103,46;10069,83;11925,11;3913,76;25635,95;25000,02;9009,66;8694,00;929570,00;45291211,00;26114700,00;42106613,00;24914581,00;661898,00;14673028,28;22341190,72;3749215,00;2096060,55;389993,00;757028,25;3063352,25;1318261;2041665,00;36556881,62;53419;72258,00;314339371,00;8375996,12;1193431;5676;2365;2610
2023-08-28;394784,65;140588,75;236741,61;263099,28;84375,21;8050,67;36086,13;57103,46;12397,43;11925,11;5283,62;25635,95;25000,02;9009,66;12053,03;869054,00;55380514,00;37616422,00;38799539,00;21408692,00;1090611,00;14673028,28;22341190,72;4979114,00;2096060,55;907901,00;757028,25;3063352,25;1318261;2710346,00;36556881,62;53419;224485,00;80658041,00;8375996,12;1193431;3954;1282;2330
2023-09-04;350926,77;170654,45;242596,46;244431,36;39761,33;15139,53;36086,13;57103,46;13188,07;11925,11;8682,68;25635,95;25000,02;9009,66;7163,65;1047119,00;67190255,00;35672936,00;34206201,00;19692580,00;1809858,00;14673028,28;22341190,72;5567193,00;2096060,55;2893460,00;757028,25;3063352,25;1318261;2283977,00;36556881,62;53419;152227,00;31115063,00;8375996,12;1193431;5351;2144;2330
2023-09-11;395780,03;162429,02;228462,98;263340,27;38115,30;14837,67;36086,13;57103,46;12987,37;11925,11;6075,03;25635,95;25000,02;9009,66;10319,38;1216227,00;65836557,00;35231906,00;39274509,00;17918171,00;1109059,00;14673028,28;22341190,72;5139401,00;2096060,55;2091147,00;757028,25;3063352,25;1318261;1634071,00;36556881,62;53419;152227,00;33994447,00;8375996,12;1193431;6002;2543;2330
2023-09-18;388567,52;188029,37;290449,55;339240,74;44246,76;12188,23;36086,13;57103,46;15522,31;11925,11;10156,40;25635,95;25000,02;9009,66;21957,94;1038059,00;73264776,00;34424391,00;45083631,00;23847059,00;738534,00;14673028,28;22341190,72;5452270,00;2096060,55;3900075,00;757028,25;3063352,25;1318261;4073928,00;36556881,62;53419;152227,00;115952898,00;8375996,12;1193431;5561;2402;2330
2023-09-25;373646,82;165572,48;336822,29;355024,58;30762,11;16639,31;36086,13;57103,46;14286,21;11925,11;8798,40;25635,95;25000,02;9009,66;21392,54;975437,00;63708077,00;43008373,00;53594368,00;13250090,00;760984,00;14673028,28;22341190,72;4457841,00;2096060,55;3358151,00;757028,25;3063352,25;1318261;3019700,00;36556881,62;53419;224485,00;16167809,00;8375996,12;1193431;4342;1550;2160
2023-10-02;365003,33;220826,79;403523,08;256271,71;30884,09;16140,92;36086,13;57103,46;19937,94;11925,11;6019,91;25635,95;25000,02;9009,66;11302,80;1502640,00;81294253,00;68130954,00;46946588,00;14267781,00;2442229,00;14673028,28;22341190,72;6852370,00;2096060,55;2215100,00;757028,25;3063352,25;1318261;3298768,00;36556881,62;53419;72258,00;21577301,00;8375996,12;1193431;4037;1454;2160
2023-10-09;430959,87;376740,99;701235,27;443837,16;54590,44;36348,33;36086,13;57103,46;42851,20;11925,11;3310,71;25635,95;25000,02;9009,66;11005,99;1067871,00;118983247,00;59167462,00;83598401,00;32813204,00;3384320,00;14673028,28;22341190,72;16779461,00;2096060,55;1490549,00;757028,25;3063352,25;1318261;1764939,00;3099521,00;53419;72258,00;23548749,00;4925673,00;1193431;7018;3383;2160
2023-10-16;465579,70;363221,21;1773720,37;532496,57;54244,30;34417,84;36086,13;57103,46;42231,93;11925,11;3446,45;25635,95;25000,02;9009,66;11156,50;1026484,00;109001240,00;216624324,00;108157091,00;29883300,00;3212436,00;14673028,28;22341190,72;12681330,00;2096060,55;997417,00;757028,25;3063352,25;1318261;2049765,00;3099521,00;53419;72258,00;36066768,00;10852911,00;1193431;8294;4194;2160
2023-10-23;457971,60;174841,03;653031,88;202373,34;36055,68;13549,21;36086,13;57103,46;37407,97;11925,11;8907,93;25635,95;25000,02;9009,66;11244,97;1019682,00;45105350,00;59487690,00;33637650,00;20579067,00;1499507,00;14673028,28;22341190,72;10034689,00;2096060,55;3356916,00;757028,25;3063352,25;1318261;1185122,00;3099521,00;53419;72258,00;140172019,00;2690020,00;1193431;5264;2159;2466
2023-10-30;401628,38;277283,57;529710,32;339203,80;33749,49;20567,88;36086,13;57103,46;36497,06;11925,11;7371,13;25635,95;25000,02;9009,66;11575,63;913510,00;72950252,00;50644251,00;50667947,00;24571811,00;1954393,00;14673028,28;22341190,72;11787085,00;2096060,55;2185324,00;757028,25;3063352,25;1318261;1378506,00;3012687,00;53419;146925,00;71375771,00;11591384,00;1193431;6472;2909;2670
2023-11-06;391228,68;367842,14;471404,73;459724,61;41113,64;23658,81;36086,13;57103,46;42270,53;11925,11;3906,66;25635,95;25000,02;9009,66;10575,14;847028,00;73826444,00;50677433,00;51852491,00;31241722,00;2370508,00;14673028,28;22341190,72;12069767,00;2096060,55;496329,00;757028,25;3063352,25;1318261;917383,00;3012687,00;53419;74667,00;34509980,00;8901364,00;1193431;4829;1876;2670
2023-11-13;387266,37;387620,22;674262,05;520657,06;37461,98;13434,76;36086,13;57103,46;44926,74;11925,11;6920,10;25635,95;25000,02;9009,66;10784,02;830279,00;68064666,00;64128464,00;58192352,00;26734068,00;1126035,00;14673028,28;22341190,72;12281809,00;2096060,55;1556996,00;757028,25;3063352,25;1318261;658076,00;3012687,00;53419;74667,00;22560227,00;2147445,00;1193431;6943;3256;2670
2023-11-20;566534,32;328672,17;686329,15;521865,29;13217,10;24203,95;36086,13;57103,46;44775,18;11925,11;9171,78;25635,95;25000,02;9009,66;12927,10;955986,00;53116607,00;53148657,00;54741941,00;9585992,00;1299269,00;14673028,28;22341190,72;10708852,00;2096060,55;2317024,00;757028,25;3063352,25;1318261;584427,00;3099519,00;53419;74667,00;63593476,00;2147445,00;1193431;5307;2156;2542
2023-11-27;443289,82;157566,87;472821,77;233986,59;4419,39;39885,31;36086,13;57103,46;57166,27;11925,11;15661,21;25635,95;25000,02;1995,64;12671,50;941205,00;29458169,00;64410840,00;27982496,00;3287870,00;1849890,00;14673028,28;22341190,72;10920529,00;2096060,55;5444426,00;757028,25;3063352,25;984032;1559254,00;3099519,00;53419;146925,00;8437183,00;8375996,12;1193431;4928;1793;2030
2023-12-04;295214,79;39000,31;110711,08;102104,44;2823,31;2104,30;36086,13;57103,46;11397,77;11925,11;2583,57;25635,95;25000,02;4230,64;5546,26;722861,00;9690519,00;18302620,00;13074699,00;2718307,00;189603,00;14673028,28;22341190,72;3098872,00;2096060,55;84165,00;757028,25;3063352,25;2209885;1664837,00;36556881,62;53419;72258,00;93342367,33;8375996,12;1193431;5561;2308;2030
2023-12-11;192039,24;1973295,87;515251,76;599535,32;40881,36;49180,34;36086,13;57103,46;46530,74;11925,11;18341,20;25635,95;25000,02;9009,66;14287,67;672216,00;229200742,00;61928337,00;60234108,00;29837959,41;5608595,46;14673028,28;22341190,72;14959330,18;2096060,55;2827967,55;757028,25;3063352,25;1318261;2256511,48;36556881,62;53419;72258,00;93342367,33;8375996,12;1193431;4183;1360;2030
2023-12-18;157799,02;0,00;60802,57;11626,41;40881,36;49180,34;36086,13;57103,46;46530,74;11925,11;18341,20;25635,95;25000,02;9009,66;14287,67;702027,00;2,00;2446687,00;946858,00;29837959,41;5608595,46;14673028,28;22341190,72;14959330,18;2096060,55;2827967,55;757028,25;3063352,25;1318261;2256511,48;36556881,62;53419;72258,00;93342367,33;8375996,12;1193431;3285;1016;2030
2023-12-25;165178,19;0,02;345694,38;370128,45;40881,36;49180,34;36086,13;57103,46;46530,74;11925,11;18341,20;25635,95;25000,02;9009,66;14287,67;699599,00;6,00;68249639,79;43279200,39;29837959,41;5608595,46;14673028,28;22341190,72;14959330,18;2096060,55;2827967,55;757028,25;3063352,25;1318261;2256511,48;36556881,62;53419;72258,00;93342367,33;8375996,12;1193431;4158;1204;1715
2024-01-01;442565,92;252818,85;345694,38;370128,45;40881,36;49180,34;36086,13;57103,46;46530,74;11925,11;18341,20;25635,95;25000,02;9009,66;14287,67;1434331,84;85649106,03;68249639,79;43279200,39;29837959,41;5608595,46;14673028,28;22341190,72;14959330,18;2096060,55;2827967,55;757028,25;3063352,25;1318261;2256511,48;36556881,62;53419;85747,84;93342367,33;8375996,12;1193431;5184;1841;1715
2024-01-08;442565,92;252818,85;345694,38;370128,45;40881,36;49180,34;36086,13;57103,46;46530,74;11925,11;18341,20;25635,95;25000,02;9009,66;14287,67;1434331,84;85649106,03;68249639,79;43279200,39;29837959,41;5608595,46;14673028,28;22341190,72;14959330,18;2096060,55;2827967,55;757028,25;3063352,25;1318261;2256511,48;36556881,62;53419;85747,84;93342367,33;8375996,12;1193431;6680;2802;1715
2024-01-15;442565,92;252818,85;345694,38;370128,45;40881,36;49180,34;36086,13;57103,46;46530,74;11925,11;18341,20;25635,95;25000,02;9009,66;14287,67;1434331,84;85649106,03;68249639,79;43279200,39;29837959,41;5608595,46;14673028,28;22341190,72;14959330,18;2096060,55;2827967,55;757028,25;3063352,25;1318261;2256511,48;36556881,62;53419;85747,84;93342367,33;8375996,12;1193431;6786;2828;1715
2024-01-22;442565,92;252818,85;345694,38;370128,45;40881,36;49180,34;36086,13;57103,46;46530,74;11925,11;18341,20;25635,95;25000,02;9009,66;14287,67;1434331,84;85649106,03;68249639,79;43279200,39;29837959,41;5608595,46;14673028,28;22341190,72;14959330,18;2096060,55;2827967,55;757028,25;3063352,25;1318261;2256511,48;36556881,62;53419;85747,84;93342367,33;8375996,12;1193431;5453;2148;1141
2024-01-29;442565,92;252818,85;345694,38;370128,45;40881,36;49180,34;36086,13;57103,46;46530,74;11925,11;18341,20;25635,95;25000,02;9009,66;14287,67;1434331,84;85649106,03;68249639,79;43279200,39;29837959,41;5608595,46;14673028,28;22341190,72;14959330,18;2096060,55;2827967,55;757028,25;3063352,25;1318261;2256511,48;36556881,62;53419;85747,84;93342367,33;8375996,12;1193431;2328;770;224
